Qtr,CAL,SCHS,Type of goods,RuralDest,Arrivals,Inspections,LLC only,HLC only,Actionable containers,Monitor 2024,Current status
1/01/2019 0:00,No,no,,Metro,1,,0,0,,Low,Low-risk
1/01/2020 0:00,No,no,,Metro,1,,0,0,,Monitor,Low-risk
1/07/2021 0:00,No,no,,Metro,1,,0,0,,Low,Low-risk
1/01/2023 0:00,No,no,,Metro,2,,0,0,,Low,Low-risk
1/07/2023 0:00,No,no,,Metro,1,,0,0,,Low,Low-risk
1/07/2023 0:00,No,no,,Metro,3,,0,0,,Monitor,Low-risk
1/10/2023 0:00,No,no,,Metro,1,,0,0,,Low,Low-risk
1/10/2024 0:00,No,no,,Metro,1,,0,0,,Low,Low-risk
1/01/2019 0:00,No,no,none,Metro,9404,,0,0,,Low,Low-risk
1/01/2019 0:00,No,no,none,Metro,6185,,0,0,,Monitor,Low-risk
1/04/2019 0:00,No,no,none,Metro,13306,,0,0,,Low,Low-risk
1/04/2019 0:00,No,no,none,Metro,8462,,0,0,,Monitor,Low-risk
1/07/2019 0:00,No,no,none,Metro,14531,,0,0,,Low,Low-risk
1/07/2019 0:00,No,no,none,Metro,7440,,0,0,,Monitor,Low-risk
1/10/2019 0:00,No,no,none,Metro,12237,,0,0,,Low,Low-risk
1/10/2019 0:00,No,no,none,Metro,5927,,0,0,,Monitor,Low-risk
1/01/2020 0:00,No,no,none,Metro,9541,,0,0,,Low,Low-risk
1/01/2020 0:00,No,no,none,Metro,7279,,0,0,,Monitor,Low-risk
1/04/2020 0:00,No,no,none,Metro,12932,,0,0,,Low,Low-risk
1/04/2020 0:00,No,no,none,Metro,7566,,0,0,,Monitor,Low-risk
1/07/2020 0:00,No,no,none,Metro,7322,,0,0,,Low,Low-risk
1/07/2020 0:00,No,no,none,Metro,5521,,0,0,,Monitor,Low-risk
1/10/2020 0:00,No,no,none,Metro,5609,,0,0,,Low,Low-risk
1/10/2020 0:00,No,no,none,Metro,4458,,0,0,,Monitor,Low-risk
1/01/2021 0:00,No,no,none,Metro,6821,,0,0,,Low,Low-risk
1/01/2021 0:00,No,no,none,Metro,4304,,0,0,,Monitor,Low-risk
1/04/2021 0:00,No,no,none,Metro,8556,,0,0,,Low,Low-risk
1/04/2021 0:00,No,no,none,Metro,6800,,0,0,,Monitor,Low-risk
1/07/2021 0:00,No,no,none,Metro,11387,,0,0,,Low,Low-risk
1/07/2021 0:00,No,no,none,Metro,6493,,0,0,,Monitor,Low-risk
1/10/2021 0:00,No,no,none,Metro,10078,,0,0,,Low,Low-risk
1/10/2021 0:00,No,no,none,Metro,3158,,0,0,,Monitor,Low-risk
1/01/2022 0:00,No,no,none,Metro,5885,,0,0,,Low,Low-risk
1/01/2022 0:00,No,no,none,Metro,3966,,0,0,,Monitor,Low-risk
1/04/2022 0:00,No,no,none,Metro,8502,,0,0,,Low,Low-risk
1/04/2022 0:00,No,no,none,Metro,5675,,0,0,,Monitor,Low-risk
1/07/2022 0:00,No,no,none,Metro,9241,,0,0,,Low,Low-risk
1/07/2022 0:00,No,no,none,Metro,5999,,0,0,,Monitor,Low-risk
1/10/2022 0:00,No,no,none,Metro,5520,,0,0,,Low,Low-risk
1/10/2022 0:00,No,no,none,Metro,3444,,0,0,,Monitor,Low-risk
1/01/2023 0:00,No,no,none,Metro,10290,,0,0,,Low,Low-risk
1/01/2023 0:00,No,no,none,Metro,4189,,0,0,,Monitor,Low-risk
1/04/2023 0:00,No,no,none,Metro,15693,,0,0,,Low,Low-risk
1/04/2023 0:00,No,no,none,Metro,8247,,0,0,,Monitor,Low-risk
1/07/2023 0:00,No,no,none,Metro,14628,,0,0,,Low,Low-risk
1/07/2023 0:00,No,no,none,Metro,7879,,0,0,,Monitor,Low-risk
1/10/2023 0:00,No,no,none,Metro,12683,,0,0,,Low,Low-risk
1/10/2023 0:00,No,no,none,Metro,8878,,0,0,,Monitor,Low-risk
1/01/2024 0:00,No,no,none,Metro,13200,,0,0,,Low,Low-risk
1/01/2024 0:00,No,no,none,Metro,6662,,0,0,,Monitor,Low-risk
1/04/2024 0:00,No,no,none,Metro,15753,,0,0,,Low,Low-risk
1/04/2024 0:00,No,no,none,Metro,5787,,0,0,,Monitor,Low-risk
1/07/2024 0:00,No,no,none,Metro,10080,,0,0,,Low,Low-risk
1/07/2024 0:00,No,no,none,Metro,6681,,0,0,,Monitor,Low-risk
1/10/2024 0:00,No,no,none,Metro,9018,,0,0,,Low,Low-risk
1/10/2024 0:00,No,no,none,Metro,7942,,0,0,,Monitor,Low-risk
1/01/2025 0:00,No,no,none,Metro,11774,,0,0,,Low,Low-risk
1/01/2025 0:00,No,no,none,Metro,6928,,0,0,,Monitor,Low-risk
1/01/2019 0:00,No,no,normal,Metro,393374,,0,0,,Low,Low-risk
1/01/2019 0:00,No,no,normal,Metro,114012,,0,0,,Monitor,Low-risk
1/04/2019 0:00,No,no,normal,Metro,393057,,0,0,,Low,Low-risk
1/04/2019 0:00,No,no,normal,Metro,105566,,0,0,,Monitor,Low-risk
1/07/2019 0:00,No,no,normal,Metro,421792,,0,0,,Low,Low-risk
1/07/2019 0:00,No,no,normal,Metro,114023,,0,0,,Monitor,Low-risk
1/10/2019 0:00,No,no,normal,Metro,438559,,0,0,,Low,Low-risk
1/10/2019 0:00,No,no,normal,Metro,113008,,0,0,,Monitor,Low-risk
1/01/2020 0:00,No,no,normal,Metro,358554,,0,0,,Low,Low-risk
1/01/2020 0:00,No,no,normal,Metro,111349,,0,0,,Monitor,Low-risk
1/04/2020 0:00,No,no,normal,Metro,418496,,0,0,,Low,Low-risk
1/04/2020 0:00,No,no,normal,Metro,96784,,0,0,,Monitor,Low-risk
1/07/2020 0:00,No,no,normal,Metro,454839,,0,0,,Low,Low-risk
1/07/2020 0:00,No,no,normal,Metro,116821,,0,0,,Monitor,Low-risk
1/10/2020 0:00,No,no,normal,Metro,495370,,0,0,,Low,Low-risk
1/10/2020 0:00,No,no,normal,Metro,115019,,0,0,,Monitor,Low-risk
1/01/2021 0:00,No,no,normal,Metro,461316,,0,0,,Low,Low-risk
1/01/2021 0:00,No,no,normal,Metro,116584,,0,0,,Monitor,Low-risk
1/04/2021 0:00,No,no,normal,Metro,433466,,0,0,,Low,Low-risk
1/04/2021 0:00,No,no,normal,Metro,116895,,0,0,,Monitor,Low-risk
1/07/2021 0:00,No,no,normal,Metro,444697,,0,0,,Low,Low-risk
1/07/2021 0:00,No,no,normal,Metro,117150,,0,0,,Monitor,Low-risk
1/10/2021 0:00,No,no,normal,Metro,477093,,0,0,,Low,Low-risk
1/10/2021 0:00,No,no,normal,Metro,112247,,0,0,,Monitor,Low-risk
1/01/2022 0:00,No,no,normal,Metro,442184,,0,0,,Low,Low-risk
1/01/2022 0:00,No,no,normal,Metro,128991,,0,0,,Monitor,Low-risk
1/04/2022 0:00,No,no,normal,Metro,432070,,0,0,,Low,Low-risk
1/04/2022 0:00,No,no,normal,Metro,118463,,0,0,,Monitor,Low-risk
1/07/2022 0:00,No,no,normal,Metro,483546,,0,0,,Low,Low-risk
1/07/2022 0:00,No,no,normal,Metro,121486,,0,0,,Monitor,Low-risk
1/10/2022 0:00,No,no,normal,Metro,448752,,0,0,,Low,Low-risk
1/10/2022 0:00,No,no,normal,Metro,116096,,0,0,,Monitor,Low-risk
1/01/2023 0:00,No,no,normal,Metro,394932,,0,0,,Low,Low-risk
1/01/2023 0:00,No,no,normal,Metro,104155,,0,0,,Monitor,Low-risk
1/04/2023 0:00,No,no,normal,Metro,414004,,0,0,,Low,Low-risk
1/04/2023 0:00,No,no,normal,Metro,100651,,0,0,,Monitor,Low-risk
1/07/2023 0:00,No,no,normal,Metro,469217,,0,0,,Low,Low-risk
1/07/2023 0:00,No,no,normal,Metro,111998,,0,0,,Monitor,Low-risk
1/10/2023 0:00,No,no,normal,Metro,431663,,0,0,,Low,Low-risk
1/10/2023 0:00,No,no,normal,Metro,116928,,0,0,,Monitor,Low-risk
1/01/2024 0:00,No,no,normal,Metro,456249,,0,0,,Low,Low-risk
1/01/2024 0:00,No,no,normal,Metro,129433,,0,0,,Monitor,Low-risk
1/04/2024 0:00,No,no,normal,Metro,444106,,0,0,,Low,Low-risk
1/04/2024 0:00,No,no,normal,Metro,121491,,0,0,,Monitor,Low-risk
1/07/2024 0:00,No,no,normal,Metro,472410,,0,0,,Low,Low-risk
1/07/2024 0:00,No,no,normal,Metro,128291,,0,0,,Monitor,Low-risk
1/10/2024 0:00,No,no,normal,Metro,490317,,0,0,,Low,Low-risk
1/10/2024 0:00,No,no,normal,Metro,130566,,0,0,,Monitor,Low-risk
1/01/2025 0:00,No,no,normal,Metro,430453,,0,0,,Low,Low-risk
1/01/2025 0:00,No,no,normal,Metro,118752,,0,0,,Monitor,Low-risk
1/01/2019 0:00,No,no,normal,Rural,10899,10899,159,277,4,Low,Low-risk
1/01/2019 0:00,No,no,normal,Rural,2468,2468,44,57,,Monitor,Low-risk
1/04/2019 0:00,No,no,normal,Rural,12409,12409,202,279,3,Low,Low-risk
1/04/2019 0:00,No,no,normal,Rural,2339,2339,55,73,3,Monitor,Low-risk
1/07/2019 0:00,No,no,normal,Rural,12991,12991,280,386,9,Low,Low-risk
1/07/2019 0:00,No,no,normal,Rural,2585,2585,44,88,6,Monitor,Low-risk
1/10/2019 0:00,No,no,normal,Rural,11829,11829,287,454,29,Low,Low-risk
1/10/2019 0:00,No,no,normal,Rural,2250,2250,59,111,2,Monitor,Low-risk
1/01/2020 0:00,No,no,normal,Rural,8821,8821,234,351,5,Low,Low-risk
1/01/2020 0:00,No,no,normal,Rural,2421,2421,65,141,2,Monitor,Low-risk
1/04/2020 0:00,No,no,normal,Rural,11378,11378,316,428,10,Low,Low-risk
1/04/2020 0:00,No,no,normal,Rural,1738,1738,82,94,3,Monitor,Low-risk
1/07/2020 0:00,No,no,normal,Rural,11666,11666,337,464,20,Low,Low-risk
1/07/2020 0:00,No,no,normal,Rural,2306,2306,79,95,8,Monitor,Low-risk
1/10/2020 0:00,No,no,normal,Rural,11167,11167,229,482,9,Low,Low-risk
1/10/2020 0:00,No,no,normal,Rural,2301,2301,82,92,1,Monitor,Low-risk
1/01/2021 0:00,No,no,normal,Rural,11389,11389,192,403,9,Low,Low-risk
1/01/2021 0:00,No,no,normal,Rural,2482,2482,53,103,3,Monitor,Low-risk
1/04/2021 0:00,No,no,normal,Rural,11034,11034,221,388,7,Low,Low-risk
1/04/2021 0:00,No,no,normal,Rural,2580,2580,55,83,,Monitor,Low-risk
1/07/2021 0:00,No,no,normal,Rural,11119,11119,215,402,17,Low,Low-risk
1/07/2021 0:00,No,no,normal,Rural,2288,2288,43,118,4,Monitor,Low-risk
1/10/2021 0:00,No,no,normal,Rural,11333,11333,308,464,28,Low,Low-risk
1/10/2021 0:00,No,no,normal,Rural,2457,2457,77,149,4,Monitor,Low-risk
1/01/2022 0:00,No,no,normal,Rural,10428,10428,299,357,4,Low,Low-risk
1/01/2022 0:00,No,no,normal,Rural,2415,2415,92,107,3,Monitor,Low-risk
1/04/2022 0:00,No,no,normal,Rural,11246,11246,363,468,6,Low,Low-risk
1/04/2022 0:00,No,no,normal,Rural,2818,2818,122,264,6,Monitor,Low-risk
1/07/2022 0:00,No,no,normal,Rural,11661,11661,467,550,29,Low,Low-risk
1/07/2022 0:00,No,no,normal,Rural,2501,2501,92,115,1,Monitor,Low-risk
1/10/2022 0:00,No,no,normal,Rural,10150,10150,352,462,16,Low,Low-risk
1/10/2022 0:00,No,no,normal,Rural,2353,2353,103,146,5,Monitor,Low-risk
1/01/2023 0:00,No,no,normal,Rural,9517,9517,323,320,3,Low,Low-risk
1/01/2023 0:00,No,no,normal,Rural,2192,2192,87,111,,Monitor,Low-risk
1/04/2023 0:00,No,no,normal,Rural,10471,10471,342,285,15,Low,Low-risk
1/04/2023 0:00,No,no,normal,Rural,2186,2186,150,207,9,Monitor,Low-risk
1/07/2023 0:00,No,no,normal,Rural,10059,10059,249,225,13,Low,Low-risk
1/07/2023 0:00,No,no,normal,Rural,2134,2134,108,89,1,Monitor,Low-risk
1/10/2023 0:00,No,no,normal,Rural,10842,10842,254,177,9,Low,Low-risk
1/10/2023 0:00,No,no,normal,Rural,2210,2210,85,84,7,Monitor,Low-risk
1/01/2024 0:00,No,no,normal,Rural,10548,10548,225,180,9,Low,Low-risk
1/01/2024 0:00,No,no,normal,Rural,2837,2837,149,107,4,Monitor,Low-risk
1/04/2024 0:00,No,no,normal,Rural,9501,9501,222,181,9,Low,Low-risk
1/04/2024 0:00,No,no,normal,Rural,2890,2890,155,73,16,Monitor,Low-risk
1/07/2024 0:00,No,no,normal,Rural,10287,10287,242,227,12,Low,Low-risk
1/07/2024 0:00,No,no,normal,Rural,2382,2382,130,143,4,Monitor,Low-risk
1/10/2024 0:00,No,no,normal,Rural,11272,11272,217,238,13,Low,Low-risk
1/10/2024 0:00,No,no,normal,Rural,2941,2941,90,169,2,Monitor,Low-risk
1/01/2025 0:00,No,no,normal,Rural,10775,10775,477,192,14,Low,Low-risk
1/01/2025 0:00,No,no,normal,Rural,2761,2761,189,66,3,Monitor,Low-risk
1/01/2019 0:00,Yes,no,none,Metro,4604,4117,130,610,13,Monitor,High-risk
1/01/2019 0:00,Yes,no,none,Metro,2501,1854,48,81,1,Monitor,Medium-risk
1/04/2019 0:00,Yes,no,none,Metro,5179,4549,207,940,4,Monitor,High-risk
1/04/2019 0:00,Yes,no,none,Metro,2249,1307,64,9,,Monitor,Medium-risk
1/07/2019 0:00,Yes,no,none,Metro,4392,3820,231,648,2,Monitor,High-risk
1/07/2019 0:00,Yes,no,none,Metro,2438,1684,47,348,,Monitor,Medium-risk
1/10/2019 0:00,Yes,no,none,Metro,5031,4410,216,730,16,Monitor,High-risk
1/10/2019 0:00,Yes,no,none,Metro,1498,786,47,17,,Monitor,Medium-risk
1/01/2020 0:00,Yes,no,none,Metro,4650,4212,255,601,7,Monitor,High-risk
1/01/2020 0:00,Yes,no,none,Metro,2070,1394,56,31,1,Monitor,Medium-risk
1/04/2020 0:00,Yes,no,none,Metro,4731,4276,293,813,5,Monitor,High-risk
1/04/2020 0:00,Yes,no,none,Metro,1813,724,34,76,,Monitor,Medium-risk
1/07/2020 0:00,Yes,no,none,Metro,4963,4300,248,722,12,Monitor,High-risk
1/07/2020 0:00,Yes,no,none,Metro,3337,1884,100,110,4,Monitor,Medium-risk
1/10/2020 0:00,Yes,no,none,Metro,4137,3546,263,410,7,Monitor,High-risk
1/10/2020 0:00,Yes,no,none,Metro,2885,1758,93,202,,Monitor,Medium-risk
1/01/2021 0:00,Yes,no,none,Metro,3570,3147,273,414,22,Monitor,High-risk
1/01/2021 0:00,Yes,no,none,Metro,2236,1391,59,62,10,Monitor,Medium-risk
1/04/2021 0:00,Yes,no,none,Metro,4167,3636,279,340,21,Monitor,High-risk
1/04/2021 0:00,Yes,no,none,Metro,3516,2423,106,135,2,Monitor,Medium-risk
1/07/2021 0:00,Yes,no,none,Metro,4521,3954,212,232,9,Monitor,High-risk
1/07/2021 0:00,Yes,no,none,Metro,2765,1708,116,107,5,Monitor,Medium-risk
1/10/2021 0:00,Yes,no,none,Metro,4334,3778,133,203,10,Monitor,High-risk
1/10/2021 0:00,Yes,no,none,Metro,2991,1731,43,73,1,Monitor,Medium-risk
1/01/2022 0:00,Yes,no,none,Metro,4114,3434,286,245,76,Monitor,High-risk
1/01/2022 0:00,Yes,no,none,Metro,2512,1702,88,71,1,Monitor,Medium-risk
1/04/2022 0:00,Yes,no,none,Metro,3984,3858,168,292,13,Monitor,High-risk
1/04/2022 0:00,Yes,no,none,Metro,2617,1402,59,114,,Monitor,Medium-risk
1/07/2022 0:00,Yes,no,none,Metro,3950,3551,134,248,17,Monitor,High-risk
1/07/2022 0:00,Yes,no,none,Metro,2740,1241,41,72,,Monitor,Medium-risk
1/10/2022 0:00,Yes,no,none,Metro,3854,3211,181,238,6,Monitor,High-risk
1/10/2022 0:00,Yes,no,none,Metro,2307,1569,85,77,1,Monitor,Medium-risk
1/01/2023 0:00,Yes,no,none,Metro,5317,4487,240,421,16,Monitor,High-risk
1/01/2023 0:00,Yes,no,none,Metro,2228,1413,38,52,,Monitor,Medium-risk
1/04/2023 0:00,Yes,no,none,Metro,6287,5069,283,333,12,Monitor,High-risk
1/04/2023 0:00,Yes,no,none,Metro,4949,3447,364,324,13,Monitor,Medium-risk
1/07/2023 0:00,Yes,no,none,Metro,4526,3648,272,235,9,Monitor,High-risk
1/07/2023 0:00,Yes,no,none,Metro,4195,3116,160,324,3,Monitor,Medium-risk
1/10/2023 0:00,Yes,no,none,Metro,4303,3479,360,512,23,Monitor,High-risk
1/10/2023 0:00,Yes,no,none,Metro,4380,2995,275,398,4,Monitor,Medium-risk
1/01/2024 0:00,Yes,no,none,Metro,5279,3983,445,397,15,Monitor,High-risk
1/01/2024 0:00,Yes,no,none,Metro,2983,1526,173,313,1,Monitor,Medium-risk
1/04/2024 0:00,Yes,no,none,Metro,4312,3409,729,405,9,Monitor,High-risk
1/04/2024 0:00,Yes,no,none,Metro,2913,1668,144,268,4,Monitor,Medium-risk
1/07/2024 0:00,Yes,no,none,Metro,5883,4947,826,467,19,Monitor,High-risk
1/07/2024 0:00,Yes,no,none,Metro,2946,1622,193,419,1,Monitor,Medium-risk
1/10/2024 0:00,Yes,no,none,Metro,5226,3768,485,373,7,Monitor,High-risk
1/10/2024 0:00,Yes,no,none,Metro,3340,1787,195,530,4,Monitor,Medium-risk
1/01/2025 0:00,Yes,no,none,Metro,3483,1983,175,204,7,Monitor,High-risk
1/01/2025 0:00,Yes,no,none,Metro,2915,1574,79,290,5,Monitor,Medium-risk
1/01/2019 0:00,Yes,no,normal,Metro,1387,1163,40,175,,Monitor,High-risk
1/01/2019 0:00,Yes,no,normal,Metro,1489,1421,134,185,1,Monitor,Medium-risk
1/04/2019 0:00,Yes,no,normal,Metro,1286,1140,102,167,,Monitor,High-risk
1/04/2019 0:00,Yes,no,normal,Metro,1266,1196,90,165,1,Monitor,Medium-risk
1/07/2019 0:00,Yes,no,normal,Metro,1421,1268,116,155,1,Monitor,High-risk
1/07/2019 0:00,Yes,no,normal,Metro,1526,1410,99,146,1,Monitor,Medium-risk
1/10/2019 0:00,Yes,no,normal,Metro,1372,1167,76,113,2,Monitor,High-risk
1/10/2019 0:00,Yes,no,normal,Metro,1687,1531,78,188,2,Monitor,Medium-risk
1/01/2020 0:00,Yes,no,normal,Metro,1247,970,59,97,3,Monitor,High-risk
1/01/2020 0:00,Yes,no,normal,Metro,1595,1420,82,124,3,Monitor,Medium-risk
1/04/2020 0:00,Yes,no,normal,Metro,1179,919,85,122,2,Monitor,High-risk
1/04/2020 0:00,Yes,no,normal,Metro,1319,1172,104,100,1,Monitor,Medium-risk
1/07/2020 0:00,Yes,no,normal,Metro,978,750,68,90,2,Monitor,High-risk
1/07/2020 0:00,Yes,no,normal,Metro,1490,1290,88,174,4,Monitor,Medium-risk
1/10/2020 0:00,Yes,no,normal,Metro,1294,1081,112,117,3,Monitor,High-risk
1/10/2020 0:00,Yes,no,normal,Metro,1450,1189,85,99,1,Monitor,Medium-risk
1/01/2021 0:00,Yes,no,normal,Metro,1306,948,45,93,1,Monitor,High-risk
1/01/2021 0:00,Yes,no,normal,Metro,1498,1155,76,84,2,Monitor,Medium-risk
1/04/2021 0:00,Yes,no,normal,Metro,981,733,40,93,1,Monitor,High-risk
1/04/2021 0:00,Yes,no,normal,Metro,1175,948,58,74,1,Monitor,Medium-risk
1/07/2021 0:00,Yes,no,normal,Metro,1150,903,53,58,,Monitor,High-risk
1/07/2021 0:00,Yes,no,normal,Metro,1610,1074,64,71,1,Monitor,Medium-risk
1/10/2021 0:00,Yes,no,normal,Metro,1127,889,67,82,1,Monitor,High-risk
1/10/2021 0:00,Yes,no,normal,Metro,1652,961,74,84,,Monitor,Medium-risk
1/01/2022 0:00,Yes,no,normal,Metro,1083,851,40,121,1,Monitor,High-risk
1/01/2022 0:00,Yes,no,normal,Metro,1426,1036,68,102,1,Monitor,Medium-risk
1/04/2022 0:00,Yes,no,normal,Metro,781,612,51,69,7,Monitor,High-risk
1/04/2022 0:00,Yes,no,normal,Metro,1275,1098,55,65,,Monitor,Medium-risk
1/07/2022 0:00,Yes,no,normal,Metro,1017,805,49,74,,Monitor,High-risk
1/07/2022 0:00,Yes,no,normal,Metro,1438,1236,60,138,2,Monitor,Medium-risk
1/10/2022 0:00,Yes,no,normal,Metro,1141,957,54,98,2,Monitor,High-risk
1/10/2022 0:00,Yes,no,normal,Metro,1368,1171,62,71,1,Monitor,Medium-risk
1/01/2023 0:00,Yes,no,normal,Metro,836,680,68,59,1,Monitor,High-risk
1/01/2023 0:00,Yes,no,normal,Metro,1365,1156,130,69,2,Monitor,Medium-risk
1/04/2023 0:00,Yes,no,normal,Metro,929,761,80,48,2,Monitor,High-risk
1/04/2023 0:00,Yes,no,normal,Metro,1380,1251,89,127,20,Monitor,Medium-risk
1/07/2023 0:00,Yes,no,normal,Metro,1061,801,84,71,2,Monitor,High-risk
1/07/2023 0:00,Yes,no,normal,Metro,1336,1116,114,63,1,Monitor,Medium-risk
1/10/2023 0:00,Yes,no,normal,Metro,908,739,94,30,9,Monitor,High-risk
1/10/2023 0:00,Yes,no,normal,Metro,1431,1213,141,72,2,Monitor,Medium-risk
1/01/2024 0:00,Yes,no,normal,Metro,924,754,81,42,1,Monitor,High-risk
1/01/2024 0:00,Yes,no,normal,Metro,1586,1399,124,52,2,Monitor,Medium-risk
1/04/2024 0:00,Yes,no,normal,Metro,708,588,84,24,1,Monitor,High-risk
1/04/2024 0:00,Yes,no,normal,Metro,1476,1241,113,71,2,Monitor,Medium-risk
1/07/2024 0:00,Yes,no,normal,Metro,1083,806,100,48,,Monitor,High-risk
1/07/2024 0:00,Yes,no,normal,Metro,1593,1260,115,99,4,Monitor,Medium-risk
1/10/2024 0:00,Yes,no,normal,Metro,1157,958,81,87,4,Monitor,High-risk
1/10/2024 0:00,Yes,no,normal,Metro,1743,1461,132,67,3,Monitor,Medium-risk
1/01/2025 0:00,Yes,no,normal,Metro,948,751,48,29,1,Monitor,High-risk
1/01/2025 0:00,Yes,no,normal,Metro,1705,1300,83,69,2,Monitor,Medium-risk
1/01/2019 0:00,Yes,yes100,none,Metro,121,121,7,0,,Monitor,High-risk
1/04/2022 0:00,Yes,yes100,none,Metro,305,305,1,2,1,Monitor,High-risk
1/07/2022 0:00,Yes,yes100,none,Metro,108,108,1,2,,Monitor,High-risk
1/01/2023 0:00,Yes,yes100,none,Metro,67,67,0,0,,Monitor,High-risk
1/07/2023 0:00,Yes,yes100,none,Metro,885,885,39,17,1,Monitor,High-risk
1/07/2023 0:00,Yes,yes100,none,Metro,98,98,26,12,,Monitor,Medium-risk
1/10/2023 0:00,Yes,yes100,none,Metro,64,64,6,1,,Monitor,High-risk
1/04/2024 0:00,Yes,yes100,none,Metro,611,611,36,3,2,Monitor,High-risk
1/04/2024 0:00,Yes,yes100,none,Metro,82,82,11,1,,Monitor,Medium-risk
1/07/2024 0:00,Yes,yes100,none,Metro,412,412,51,7,1,Monitor,High-risk
1/07/2024 0:00,Yes,yes100,none,Metro,131,131,10,1,,Monitor,Medium-risk
1/10/2024 0:00,Yes,yes100,none,Metro,412,412,25,5,,Monitor,High-risk
1/10/2024 0:00,Yes,yes100,none,Metro,143,143,1,0,,Monitor,Medium-risk
1/01/2025 0:00,Yes,yes100,none,Metro,704,704,26,7,,Monitor,High-risk
1/01/2025 0:00,Yes,yes100,none,Metro,238,238,5,4,,Monitor,Medium-risk
1/01/2019 0:00,Yes,yes100,normal,Metro,16,16,0,0,,Monitor,High-risk
1/04/2019 0:00,Yes,yes100,normal,Metro,1,1,0,0,,Monitor,High-risk
1/04/2022 0:00,Yes,yes100,normal,Metro,26,26,0,0,,Monitor,High-risk
1/07/2022 0:00,Yes,yes100,normal,Metro,22,22,1,0,,Monitor,High-risk
1/07/2023 0:00,Yes,yes100,normal,Metro,7,7,2,0,,Monitor,High-risk
1/01/2024 0:00,Yes,yes100,normal,Metro,8,8,0,0,,Monitor,High-risk
1/01/2024 0:00,Yes,yes100,normal,Metro,56,56,8,1,,Monitor,Medium-risk
1/04/2024 0:00,Yes,yes100,normal,Metro,1,1,0,0,,Monitor,High-risk
1/04/2024 0:00,Yes,yes100,normal,Metro,5,5,0,0,,Monitor,Medium-risk
1/07/2024 0:00,Yes,yes100,normal,Metro,3,4,0,0,,Monitor,High-risk
1/01/2025 0:00,Yes,yes100,normal,Metro,6,6,0,0,,Monitor,High-risk
1/04/2019 0:00,Yes,yes20,none,Metro,103,103,0,5,,Monitor,Medium-risk
1/10/2019 0:00,Yes,yes20,none,Metro,1,1,0,0,,Monitor,High-risk
1/10/2019 0:00,Yes,yes20,none,Metro,56,56,0,0,,Monitor,Medium-risk
1/01/2020 0:00,Yes,yes20,none,Metro,2,2,0,0,,Monitor,High-risk
1/07/2020 0:00,Yes,yes20,none,Metro,10,10,1,0,,Monitor,Medium-risk
1/10/2020 0:00,Yes,yes20,none,Metro,46,46,2,2,,Monitor,High-risk
1/07/2021 0:00,Yes,yes20,none,Metro,34,34,0,0,,Monitor,High-risk
1/10/2021 0:00,Yes,yes20,none,Metro,131,131,0,1,,Monitor,Medium-risk
1/04/2022 0:00,Yes,yes20,none,Metro,24,24,1,0,,Monitor,High-risk
1/07/2022 0:00,Yes,yes20,none,Metro,73,73,0,0,,Monitor,High-risk
1/07/2022 0:00,Yes,yes20,none,Metro,69,69,1,1,,Monitor,Medium-risk
1/10/2022 0:00,Yes,yes20,none,Metro,81,81,6,1,,Monitor,High-risk
1/07/2023 0:00,Yes,yes20,none,Metro,83,83,10,1,1,Monitor,High-risk
1/01/2024 0:00,Yes,yes20,none,Metro,273,273,14,5,1,Monitor,High-risk
1/10/2024 0:00,Yes,yes20,none,Metro,262,262,9,2,,Monitor,High-risk
1/10/2019 0:00,Yes,yes20,normal,Metro,20,20,0,1,,Monitor,High-risk
1/10/2019 0:00,Yes,yes20,normal,Metro,24,24,1,1,,Monitor,Medium-risk
1/01/2020 0:00,Yes,yes20,normal,Metro,2,2,0,0,,Monitor,High-risk
1/10/2020 0:00,Yes,yes20,normal,Metro,4,4,0,0,,Monitor,High-risk
1/07/2021 0:00,Yes,yes20,normal,Metro,4,4,0,0,,Monitor,High-risk
1/04/2022 0:00,Yes,yes20,normal,Metro,12,12,0,0,,Monitor,High-risk
1/07/2022 0:00,Yes,yes20,normal,Metro,23,23,0,0,,Monitor,High-risk
1/07/2022 0:00,Yes,yes20,normal,Metro,2,2,0,0,,Monitor,Medium-risk
1/01/2024 0:00,Yes,yes20,normal,Metro,2,2,0,1,,Monitor,High-risk
1/07/2024 0:00,Yes,yes20,normal,Metro,10,10,0,1,,Monitor,Medium-risk
1/10/2024 0:00,Yes,yes20,normal,Metro,9,9,0,0,,Monitor,High-risk
1/01/2019 0:00,Yes,yes5,none,Metro,18,18,0,0,,Monitor,High-risk
1/01/2019 0:00,Yes,yes5,none,Metro,41,41,2,1,,Monitor,Medium-risk
1/04/2019 0:00,Yes,yes5,none,Metro,49,49,0,0,,Monitor,High-risk
1/04/2019 0:00,Yes,yes5,none,Metro,73,73,0,1,,Monitor,Medium-risk
1/07/2019 0:00,Yes,yes5,none,Metro,34,34,2,0,,Monitor,High-risk
1/07/2019 0:00,Yes,yes5,none,Metro,25,25,1,1,,Monitor,Medium-risk
1/10/2019 0:00,Yes,yes5,none,Metro,42,42,1,0,,Monitor,High-risk
1/10/2019 0:00,Yes,yes5,none,Metro,29,29,0,0,,Monitor,Medium-risk
1/01/2020 0:00,Yes,yes5,none,Metro,24,24,3,0,,Monitor,High-risk
1/01/2020 0:00,Yes,yes5,none,Metro,40,40,0,0,,Monitor,Medium-risk
1/04/2020 0:00,Yes,yes5,none,Metro,23,23,0,0,,Monitor,High-risk
1/04/2020 0:00,Yes,yes5,none,Metro,56,56,1,2,,Monitor,Medium-risk
1/07/2020 0:00,Yes,yes5,none,Metro,31,31,0,1,,Monitor,High-risk
1/07/2020 0:00,Yes,yes5,none,Metro,80,80,2,3,,Monitor,Medium-risk
1/10/2020 0:00,Yes,yes5,none,Metro,19,19,2,0,,Monitor,High-risk
1/10/2020 0:00,Yes,yes5,none,Metro,63,63,0,1,1,Monitor,Medium-risk
1/01/2021 0:00,Yes,yes5,none,Metro,32,32,0,0,,Monitor,High-risk
1/01/2021 0:00,Yes,yes5,none,Metro,50,50,1,0,,Monitor,Medium-risk
1/04/2021 0:00,Yes,yes5,none,Metro,34,34,0,0,,Monitor,High-risk
1/04/2021 0:00,Yes,yes5,none,Metro,83,83,1,0,,Monitor,Medium-risk
1/07/2021 0:00,Yes,yes5,none,Metro,10,10,0,0,,Monitor,High-risk
1/07/2021 0:00,Yes,yes5,none,Metro,92,92,0,3,,Monitor,Medium-risk
1/10/2021 0:00,Yes,yes5,none,Metro,49,49,1,0,,Monitor,High-risk
1/10/2021 0:00,Yes,yes5,none,Metro,43,43,0,0,,Monitor,Medium-risk
1/01/2022 0:00,Yes,yes5,none,Metro,40,40,3,2,1,Monitor,High-risk
1/01/2022 0:00,Yes,yes5,none,Metro,50,50,3,2,,Monitor,Medium-risk
1/04/2022 0:00,Yes,yes5,none,Metro,65,65,0,1,,Monitor,Medium-risk
1/07/2022 0:00,Yes,yes5,none,Metro,1,1,0,0,,Monitor,High-risk
1/07/2022 0:00,Yes,yes5,none,Metro,12,12,0,0,,Monitor,Medium-risk
1/10/2022 0:00,Yes,yes5,none,Metro,20,20,0,0,,Monitor,High-risk
1/10/2022 0:00,Yes,yes5,none,Metro,42,42,0,0,,Monitor,Medium-risk
1/01/2023 0:00,Yes,yes5,none,Metro,56,56,2,1,,Monitor,High-risk
1/01/2023 0:00,Yes,yes5,none,Metro,68,68,2,2,,Monitor,Medium-risk
1/04/2023 0:00,Yes,yes5,none,Metro,76,76,1,2,,Monitor,High-risk
1/04/2023 0:00,Yes,yes5,none,Metro,285,285,1,0,,Monitor,Medium-risk
1/07/2023 0:00,Yes,yes5,none,Metro,66,66,0,0,,Monitor,High-risk
1/07/2023 0:00,Yes,yes5,none,Metro,67,67,0,1,,Monitor,Medium-risk
1/10/2023 0:00,Yes,yes5,none,Metro,23,23,0,1,,Monitor,High-risk
1/10/2023 0:00,Yes,yes5,none,Metro,87,87,6,0,,Monitor,Medium-risk
1/01/2024 0:00,Yes,yes5,none,Metro,29,29,0,0,,Monitor,High-risk
1/01/2024 0:00,Yes,yes5,none,Metro,81,81,4,2,,Monitor,Medium-risk
1/04/2024 0:00,Yes,yes5,none,Metro,139,139,6,1,1,Monitor,High-risk
1/04/2024 0:00,Yes,yes5,none,Metro,66,66,2,0,,Monitor,Medium-risk
1/07/2024 0:00,Yes,yes5,none,Metro,40,40,0,1,,Monitor,High-risk
1/07/2024 0:00,Yes,yes5,none,Metro,246,246,0,0,,Monitor,Medium-risk
1/10/2024 0:00,Yes,yes5,none,Metro,63,63,2,1,,Monitor,High-risk
1/10/2024 0:00,Yes,yes5,none,Metro,133,133,1,1,1,Monitor,Medium-risk
1/01/2025 0:00,Yes,yes5,none,Metro,129,129,1,0,,Monitor,High-risk
1/01/2025 0:00,Yes,yes5,none,Metro,208,208,7,0,,Monitor,Medium-risk
1/01/2019 0:00,Yes,yes5,normal,Metro,8,8,0,0,,Monitor,High-risk
1/01/2019 0:00,Yes,yes5,normal,Metro,1,1,0,0,,Monitor,Medium-risk
1/04/2019 0:00,Yes,yes5,normal,Metro,42,42,1,0,,Monitor,High-risk
1/04/2019 0:00,Yes,yes5,normal,Metro,1,1,0,0,,Monitor,Medium-risk
1/07/2019 0:00,Yes,yes5,normal,Metro,20,20,2,0,,Monitor,High-risk
1/07/2019 0:00,Yes,yes5,normal,Metro,5,5,0,0,,Monitor,Medium-risk
1/10/2019 0:00,Yes,yes5,normal,Metro,11,11,1,1,,Monitor,High-risk
1/10/2019 0:00,Yes,yes5,normal,Metro,1,1,0,0,,Monitor,Medium-risk
1/01/2020 0:00,Yes,yes5,normal,Metro,22,22,2,0,,Monitor,High-risk
1/01/2020 0:00,Yes,yes5,normal,Metro,10,10,0,0,,Monitor,Medium-risk
1/04/2020 0:00,Yes,yes5,normal,Metro,18,18,2,0,,Monitor,High-risk
1/04/2020 0:00,Yes,yes5,normal,Metro,8,8,1,0,,Monitor,Medium-risk
1/07/2020 0:00,Yes,yes5,normal,Metro,14,14,1,0,,Monitor,High-risk
1/07/2020 0:00,Yes,yes5,normal,Metro,7,7,0,0,,Monitor,Medium-risk
1/10/2020 0:00,Yes,yes5,normal,Metro,12,12,0,0,,Monitor,High-risk
1/10/2020 0:00,Yes,yes5,normal,Metro,18,18,0,0,,Monitor,Medium-risk
1/01/2021 0:00,Yes,yes5,normal,Metro,19,19,0,0,,Monitor,High-risk
1/01/2021 0:00,Yes,yes5,normal,Metro,15,15,0,0,,Monitor,Medium-risk
1/04/2021 0:00,Yes,yes5,normal,Metro,13,13,0,4,,Monitor,High-risk
1/04/2021 0:00,Yes,yes5,normal,Metro,16,16,2,0,,Monitor,Medium-risk
1/07/2021 0:00,Yes,yes5,normal,Metro,7,7,0,0,,Monitor,High-risk
1/07/2021 0:00,Yes,yes5,normal,Metro,56,56,0,0,,Monitor,Medium-risk
1/10/2021 0:00,Yes,yes5,normal,Metro,12,12,1,0,,Monitor,High-risk
1/10/2021 0:00,Yes,yes5,normal,Metro,73,73,1,0,5,Monitor,Medium-risk
1/01/2022 0:00,Yes,yes5,normal,Metro,14,14,0,0,,Monitor,High-risk
1/01/2022 0:00,Yes,yes5,normal,Metro,27,27,0,0,,Monitor,Medium-risk
1/04/2022 0:00,Yes,yes5,normal,Metro,7,7,0,0,,Monitor,High-risk
1/04/2022 0:00,Yes,yes5,normal,Metro,36,36,0,0,,Monitor,Medium-risk
1/07/2022 0:00,Yes,yes5,normal,Metro,1,1,0,0,,Monitor,High-risk
1/07/2022 0:00,Yes,yes5,normal,Metro,39,39,0,0,,Monitor,Medium-risk
1/10/2022 0:00,Yes,yes5,normal,Metro,3,3,0,0,,Monitor,High-risk
1/10/2022 0:00,Yes,yes5,normal,Metro,54,54,0,1,,Monitor,Medium-risk
1/01/2023 0:00,Yes,yes5,normal,Metro,9,9,0,0,,Monitor,High-risk
1/01/2023 0:00,Yes,yes5,normal,Metro,60,60,3,0,,Monitor,Medium-risk
1/04/2023 0:00,Yes,yes5,normal,Metro,16,16,0,0,,Monitor,High-risk
1/04/2023 0:00,Yes,yes5,normal,Metro,47,47,1,0,,Monitor,Medium-risk
1/07/2023 0:00,Yes,yes5,normal,Metro,11,11,0,0,,Monitor,High-risk
1/07/2023 0:00,Yes,yes5,normal,Metro,30,30,0,0,,Monitor,Medium-risk
1/10/2023 0:00,Yes,yes5,normal,Metro,13,13,0,0,,Monitor,High-risk
1/10/2023 0:00,Yes,yes5,normal,Metro,59,59,1,0,,Monitor,Medium-risk
1/01/2024 0:00,Yes,yes5,normal,Metro,7,7,0,0,,Monitor,High-risk
1/01/2024 0:00,Yes,yes5,normal,Metro,43,43,2,0,,Monitor,Medium-risk
1/04/2024 0:00,Yes,yes5,normal,Metro,29,29,1,0,,Monitor,High-risk
1/04/2024 0:00,Yes,yes5,normal,Metro,30,30,0,0,,Monitor,Medium-risk
1/07/2024 0:00,Yes,yes5,normal,Metro,15,15,1,0,,Monitor,High-risk
1/07/2024 0:00,Yes,yes5,normal,Metro,69,69,3,0,,Monitor,Medium-risk
1/10/2024 0:00,Yes,yes5,normal,Metro,9,9,0,0,,Monitor,High-risk
1/10/2024 0:00,Yes,yes5,normal,Metro,56,56,0,0,,Monitor,Medium-risk
1/01/2025 0:00,Yes,yes5,normal,Metro,16,16,0,0,1,Monitor,High-risk
1/01/2025 0:00,Yes,yes5,normal,Metro,88,88,1,2,,Monitor,Medium-risk
1/07/2019 0:00,Yes,yes50,none,Metro,293,293,9,4,,Monitor,Medium-risk
1/07/2022 0:00,Yes,yes50,none,Metro,62,62,13,3,,Monitor,High-risk
1/10/2023 0:00,Yes,yes50,none,Metro,493,493,29,5,2,Monitor,High-risk
1/07/2024 0:00,Yes,yes50,none,Metro,302,302,4,2,,Monitor,High-risk
1/10/2024 0:00,Yes,yes50,none,Metro,171,171,16,6,,Monitor,High-risk
1/10/2024 0:00,Yes,yes50,none,Metro,16,16,1,0,,Monitor,Medium-risk
1/01/2025 0:00,Yes,yes50,none,Metro,41,41,0,0,,Monitor,High-risk
1/07/2019 0:00,Yes,yes50,normal,Metro,14,14,3,0,,Monitor,High-risk
1/07/2019 0:00,Yes,yes50,normal,Metro,28,28,2,1,,Monitor,Medium-risk
1/10/2023 0:00,Yes,yes50,normal,Metro,4,4,0,0,,Monitor,High-risk
1/04/2024 0:00,Yes,yes50,normal,Metro,17,17,1,0,,Monitor,Medium-risk
1/07/2024 0:00,Yes,yes50,normal,Metro,3,3,0,0,,Monitor,High-risk
1/10/2024 0:00,Yes,yes50,normal,Metro,7,7,0,1,,Monitor,High-risk
1/10/2024 0:00,Yes,yes50,normal,Metro,13,13,2,0,,Monitor,Medium-risk
