CALSourceCountry,SCHS,RuralDest,TypeOfGoods,CALSourceCountryMedium,prop,p_no,p_yes
False,no,False,none,False,0.0509752085837143,0.910547178212165,0.089452821787835
False,no,False,normal,False,0.846653582116386,0.910547178212165,0.089452821787835
False,no,False,exceptions,False,0.0652715303885601,0.910547178212165,0.089452821787835
False,yes100,False,none,False,0.0,0.910547178212165,0.089452821787835
False,yes100,False,normal,False,0.0,0.910547178212165,0.089452821787835
False,yes100,False,exceptions,False,0.0,0.910547178212165,0.089452821787835
False,yes50,False,none,False,0.0,0.910547178212165,0.089452821787835
False,yes50,False,normal,False,0.0,0.910547178212165,0.089452821787835
False,yes50,False,exceptions,False,0.0,0.910547178212165,0.089452821787835
False,yes20,False,none,False,0.0,0.910547178212165,0.089452821787835
False,yes20,False,normal,False,0.0,0.910547178212165,0.089452821787835
False,yes20,False,exceptions,False,0.0,0.910547178212165,0.089452821787835
False,yes5,False,none,False,4.52624229954479e-06,0.910547178212165,0.089452821787835
False,yes5,False,normal,False,0.0,0.910547178212165,0.089452821787835
False,yes5,False,exceptions,False,0.0,0.910547178212165,0.089452821787835
False,no,True,none,False,0.0,0.910547178212165,0.089452821787835
False,no,True,normal,False,0.0006933312794581,0.910547178212165,0.089452821787835
False,no,True,exceptions,False,0.0197166824602843,0.910547178212165,0.089452821787835
False,yes100,True,none,False,0.0,0.910547178212165,0.089452821787835
False,yes100,True,normal,False,0.0,0.910547178212165,0.089452821787835
False,yes100,True,exceptions,False,0.0,0.910547178212165,0.089452821787835
False,yes50,True,none,False,0.0,0.910547178212165,0.089452821787835
False,yes50,True,normal,False,0.0,0.910547178212165,0.089452821787835
False,yes50,True,exceptions,False,0.0,0.910547178212165,0.089452821787835
False,yes20,True,none,False,0.0,0.910547178212165,0.089452821787835
False,yes20,True,normal,False,0.0,0.910547178212165,0.089452821787835
False,yes20,True,exceptions,False,0.0,0.910547178212165,0.089452821787835
False,yes5,True,none,False,0.0,0.910547178212165,0.089452821787835
False,yes5,True,normal,False,0.0,0.910547178212165,0.089452821787835
False,yes5,True,exceptions,False,0.0,0.910547178212165,0.089452821787835
False,no,False,none,True,0.0,0.910547178212165,0.089452821787835
False,no,False,normal,True,0.0,0.910547178212165,0.089452821787835
False,no,False,exceptions,True,0.0,0.910547178212165,0.089452821787835
False,yes100,False,none,True,0.0,0.910547178212165,0.089452821787835
False,yes100,False,normal,True,0.0,0.910547178212165,0.089452821787835
False,yes100,False,exceptions,True,0.0,0.910547178212165,0.089452821787835
False,yes50,False,none,True,0.0,0.910547178212165,0.089452821787835
False,yes50,False,normal,True,0.0,0.910547178212165,0.089452821787835
False,yes50,False,exceptions,True,0.0,0.910547178212165,0.089452821787835
False,yes20,False,none,True,0.0,0.910547178212165,0.089452821787835
False,yes20,False,normal,True,0.0,0.910547178212165,0.089452821787835
False,yes20,False,exceptions,True,0.0,0.910547178212165,0.089452821787835
False,yes5,False,none,True,0.0,0.910547178212165,0.089452821787835
False,yes5,False,normal,True,0.0,0.910547178212165,0.089452821787835
False,yes5,False,exceptions,True,0.0,0.910547178212165,0.089452821787835
False,no,True,none,True,0.0,0.910547178212165,0.089452821787835
False,no,True,normal,True,0.0,0.910547178212165,0.089452821787835
False,no,True,exceptions,True,0.0,0.910547178212165,0.089452821787835
False,yes100,True,none,True,0.0,0.910547178212165,0.089452821787835
False,yes100,True,normal,True,0.0,0.910547178212165,0.089452821787835
False,yes100,True,exceptions,True,0.0,0.910547178212165,0.089452821787835
False,yes50,True,none,True,0.0,0.910547178212165,0.089452821787835
False,yes50,True,normal,True,0.0,0.910547178212165,0.089452821787835
False,yes50,True,exceptions,True,0.0,0.910547178212165,0.089452821787835
False,yes20,True,none,True,0.0,0.910547178212165,0.089452821787835
False,yes20,True,normal,True,0.0,0.910547178212165,0.089452821787835
False,yes20,True,exceptions,True,0.0,0.910547178212165,0.089452821787835
False,yes5,True,none,True,0.0,0.910547178212165,0.089452821787835
False,yes5,True,normal,True,0.0,0.910547178212165,0.089452821787835
False,yes5,True,exceptions,True,0.0,0.910547178212165,0.089452821787835
True,no,False,none,True,0.0024637303769431,0.994038418023548,0.0059615819764518
True,no,False,normal,True,0.0008182073668512,0.9939836882253624,0.0060163117746376
True,no,False,exceptions,True,0.000131505605904,0.995119475047007,0.0048805249529929
True,yes100,False,none,True,3.651095407369676e-05,0.9971244985202048,0.0028755014797953
True,yes100,False,normal,True,2.218682710236276e-06,0.9963070620976168,0.0036929379023833
True,yes100,False,exceptions,True,5.25477484003328e-07,0.9987234288732502,0.0012765711267497
True,yes50,False,none,True,3.086693665291936e-05,0.9973580397082006,0.0026419602917993
True,yes50,False,normal,True,1.8489022585302296e-06,0.9950760827968222,0.0049239172031777
True,yes50,False,exceptions,True,2.919319355574057e-07,1.0,0.0
True,yes20,False,none,True,0.0001118877798346,0.9982695659828996,0.0017304340171003
True,yes20,False,normal,True,6.461426840337235e-06,0.9983968641664072,0.0016031358335927
True,yes20,False,exceptions,True,3.113940645945659e-07,1.0,0.0
True,yes5,False,none,True,0.0006311763068041,0.9987064483546996,0.0012935516453003
True,yes5,False,normal,True,0.0001121991738992,0.9981455376767252,0.0018544623232747
True,yes5,False,exceptions,True,6.694972388783152e-06,0.9986743299837598,0.0013256700162401
True,no,True,none,True,0.0,0.994038418023548,0.0059615819764518
True,no,True,normal,True,5.644017420776485e-07,0.9881146826130192,0.0118853173869808
True,no,True,exceptions,True,1.4460361874610115e-05,0.9880295580425448,0.0119704419574551
True,yes100,True,none,True,0.0,0.9971244985202048,0.0028755014797953
True,yes100,True,normal,True,0.0,0.9963070620976168,0.0036929379023833
True,yes100,True,exceptions,True,0.0,0.9987234288732502,0.0012765711267497
True,yes50,True,none,True,0.0,0.9973580397082006,0.0026419602917993
True,yes50,True,normal,True,0.0,0.9950760827968222,0.0049239172031777
True,yes50,True,exceptions,True,0.0,1.0,0.0
True,yes20,True,none,True,0.0,0.9982695659828996,0.0017304340171003
True,yes20,True,normal,True,0.0,0.9983968641664072,0.0016031358335927
True,yes20,True,exceptions,True,1.9462129037160312e-08,1.0,0.0
True,yes5,True,none,True,0.0,0.9987064483546996,0.0012935516453003
True,yes5,True,normal,True,5.8386387111480877e-08,0.9981455376767252,0.0018544623232747
True,yes5,True,exceptions,True,6.811745163006123e-06,0.9988510859859252,0.0011489140140748
True,no,False,none,False,0.0069294096057071,0.7416093876336997,0.2583906123663003
True,no,False,normal,False,0.0023012639858562,0.7392372545113565,0.2607627454886435
True,no,False,exceptions,False,0.0003698684796372,0.7884652368693241,0.2115347631306758
True,yes100,False,none,False,0.0001026895468106,0.8753682175034483,0.1246317824965517
True,yes100,False,normal,False,6.240196341372014e-06,0.8399383771293087,0.1600616228706912
True,yes100,False,exceptions,False,1.4779412387460018e-06,0.9446700562916128,0.0553299437083871
True,yes50,False,none,False,8.681536313518065e-05,0.8854905056506848,0.1145094943493152
True,yes50,False,normal,False,5.20016361781001e-06,0.7865845028390779,0.2134154971609221
True,yes50,False,exceptions,False,8.210784659700043e-07,1.0,0.0
True,yes20,False,none,False,0.000314692006724,0.9249984472067664,0.0750015527932337
True,yes20,False,normal,False,1.8173203380136063e-05,0.9305158846452812,0.0694841153547187
True,yes20,False,exceptions,False,8.758170303680041e-07,1.0,0.0
True,yes5,False,none,False,0.0017752263819914,0.9439340760427604,0.0560659239572397
True,yes5,False,normal,False,0.0003155678237544,0.9196227348354972,0.0803772651645029
True,yes5,False,exceptions,False,1.8830066152912047e-05,0.942541981533598,0.0574580184664019
True,no,True,none,False,0.0,0.7416093876336997,0.2583906123663003
True,no,True,normal,False,1.5874183675420014e-06,0.4848591447839824,0.5151408552160176
True,no,True,exceptions,False,4.067075334771409e-05,0.4811696224425699,0.5188303775574301
True,yes100,True,none,False,0.0,0.8753682175034483,0.1246317824965517
True,yes100,True,normal,False,0.0,0.8399383771293087,0.1600616228706912
True,yes100,True,exceptions,False,0.0,0.9446700562916128,0.0553299437083871
True,yes50,True,none,False,0.0,0.8854905056506848,0.1145094943493152
True,yes50,True,normal,False,0.0,0.7865845028390779,0.2134154971609221
True,yes50,True,exceptions,False,0.0,1.0,0.0
True,yes20,True,none,False,0.0,0.9249984472067664,0.0750015527932337
True,yes20,True,normal,False,0.0,0.9305158846452812,0.0694841153547187
True,yes20,True,exceptions,False,5.4738564398000094e-08,1.0,0.0
True,yes5,True,none,False,0.0,0.9439340760427604,0.0560659239572397
True,yes5,True,normal,False,1.6421569319400013e-07,0.9196227348354972,0.0803772651645029
True,yes5,True,exceptions,False,1.9158497539300075e-05,0.9502030506624516,0.0497969493375483
