CALSourceCountry,SCHS,RuralDest,TypeOfGoods,prop,p_yes
False,no,False,none,0.0509752085837143,0.089452821787835
False,no,False,normal,0.846653582116386,0.089452821787835
False,no,False,exceptions,0.0652715303885601,0.089452821787835
False,yes100,False,none,0.0,0.089452821787835
False,yes100,False,normal,0.0,0.089452821787835
False,yes100,False,exceptions,0.0,0.089452821787835
False,yes50,False,none,0.0,0.089452821787835
False,yes50,False,normal,0.0,0.089452821787835
False,yes50,False,exceptions,0.0,0.089452821787835
False,yes20,False,none,0.0,0.089452821787835
False,yes20,False,normal,0.0,0.089452821787835
False,yes20,False,exceptions,0.0,0.089452821787835
False,yes5,False,none,4.52624229954479e-06,0.089452821787835
False,yes5,False,normal,0.0,0.089452821787835
False,yes5,False,exceptions,0.0,0.089452821787835
False,no,True,none,0.0,0.089452821787835
False,no,True,normal,0.0006933312794581,0.089452821787835
False,no,True,exceptions,0.0197166824602843,0.089452821787835
False,yes100,True,none,0.0,0.089452821787835
False,yes100,True,normal,0.0,0.089452821787835
False,yes100,True,exceptions,0.0,0.089452821787835
False,yes50,True,none,0.0,0.089452821787835
False,yes50,True,normal,0.0,0.089452821787835
False,yes50,True,exceptions,0.0,0.089452821787835
False,yes20,True,none,0.0,0.089452821787835
False,yes20,True,normal,0.0,0.089452821787835
False,yes20,True,exceptions,0.0,0.089452821787835
False,yes5,True,none,0.0,0.089452821787835
False,yes5,True,normal,0.0,0.089452821787835
False,yes5,True,exceptions,0.0,0.089452821787835
True,no,False,none,0.0093931399826503,0.192180902797137
True,no,False,normal,0.0031194713527075,0.193945203290998
True,no,False,exceptions,0.0005013740855413,0.157331341797361
True,yes100,False,none,0.0001392005008843,0.0926962797063581
True,yes100,False,normal,8.45887905160829e-06,0.119047619047619
True,yes100,False,exceptions,2.00341872274933e-06,0.0411522633744856
True,yes50,False,none,0.0001176822997881,0.085167714884696
True,yes50,False,normal,7.04906587634024e-06,0.158730158730159
True,yes50,False,exceptions,1.11301040152741e-06,0.0
True,yes20,False,none,0.0004265797865587,0.0557832422586521
True,yes20,False,normal,2.46346302204733e-05,0.0516795865633075
True,yes20,False,exceptions,1.18721109496257e-06,0.0
True,yes5,False,none,0.0024064026887956,0.0416996569015571
True,yes5,False,normal,0.0004277669976537,0.0597814883529169
True,yes5,False,exceptions,2.55250385416952e-05,0.0427350427350427
True,no,True,none,0.0,0.192180902797137
True,no,True,normal,2.15182010961965e-06,0.383141762452107
True,no,True,exceptions,5.51311152223242e-05,0.385885885885886
True,yes100,True,none,0.0,0.0926962797063581
True,yes100,True,normal,0.0,0.119047619047619
True,yes100,True,exceptions,0.0,0.0411522633744856
True,yes50,True,none,0.0,0.085167714884696
True,yes50,True,normal,0.0,0.158730158730159
True,yes50,True,exceptions,0.0,0.0
True,yes20,True,none,0.0,0.0557832422586521
True,yes20,True,normal,0.0,0.0516795865633075
True,yes20,True,exceptions,7.42006934351604e-08,0.0
True,yes5,True,none,0.0,0.0416996569015571
True,yes5,True,normal,2.22602080305481e-07,0.0597814883529169
True,yes5,True,exceptions,2.59702427023062e-05,0.037037037037037
